ad_spend_thousand_uah,new_clients
6.8480825,29.14404
16.033129,77.029144
6.3234673,23.944695
9.141226,44.004074
19.337385,88.4196
5.900263,38.267315
2.8458977,19.705986
4.4035625,30.015745
7.227544,36.602665
5.2550125,40.421482
4.8106823,30.370092
14.039445,75.686005
11.699377,57.13579
6.799384,31.338654
2.2308862,19.922024
6.8514013,37.24219
5.7796087,34.218178
6.7458105,36.7396
0.97877026,11.162847
12.154291,65.377266
2.6527643,18.239605
2.2120082,21.169043
1.8296683,14.483803
14.173837,66.0274
3.979733,38.639824
5.872492,36.933144
17.838406,90.94938
15.309643,76.73338
15.7339115,82.74743
0.5049348,14.259431
2.8290021,14.279154
6.2248898,37.067917
18.260977,98.9494
11.023005,46.633034
2.5210285,18.493587
10.062618,51.818268
2.2332919,28.301266
7.809007,33.69754
7.2502494,37.91013
18.656616,99.00619
13.097367,58.14344
8.256289,44.77572
11.689287,45.439346
7.1133447,42.87394
13.929004,75.033455
13.955639,61.19098
12.685461,61.392265
6.1022305,48.924892
18.531507,84.900475
8.5563,45.30659
6.1068335,45.61635
16.26314,77.40581
18.150566,83.18909
19.951597,95.25908
12.962584,57.01034
6.5910616,44.191833
15.07892,68.4021
18.579544,89.603745
0.19165874,0.0
8.76113,64.28747
3.1803453,27.851292
11.863598,58.474762
14.135848,68.28977
7.934121,39.154846
9.163428,48.593216
14.501108,66.693306
8.319303,37.91765
1.602205,20.948105
18.00136,79.336624
4.966855,23.061775
8.901415,47.054623
10.943264,63.55287
9.399032,54.665916
0.5931401,8.601395
14.587999,76.52014
5.457685,32.705017
4.813404,35.892014
12.389154,66.01315
4.7813797,30.849342
5.3784037,30.557362
6.630501,43.798656
6.243224,45.173157
5.8236256,35.723976
7.3031416,41.623623
12.598758,57.039036
1.9078207,29.874603
3.9471972,22.16734
10.145914,51.68189
11.390681,58.86136
15.522924,71.408875
2.9755604,29.64215
13.191969,65.06928
15.683898,81.831436
15.552602,78.57454
0.6857848,10.221343
6.183958,32.64825
1.4043438,17.917244
3.6718857,18.169231
15.569829,75.841095
8.506809,48.331203
14.247113,81.447815
4.1299367,31.939116
11.519599,64.071945
3.9514208,34.28466
14.99892,79.74663
5.62621,39.66715
7.4924088,42.40334
1.3236868,25.39035
10.033035,63.177055
19.494802,86.84041
14.853782,68.10751
4.6645904,31.513655
10.134487,62.27347
8.903515,55.68026
1.9492579,3.6608238
17.840912,89.81023
10.161207,53.57321
12.10597,57.366043
5.96171,23.13656
5.320809,22.79363
11.648895,61.951748
13.697109,75.07089
12.24298,53.415615
5.1805496,20.834398
19.708979,111.89374
8.527956,44.53335
3.8758492,25.494642
5.3228736,22.622488
19.844208,94.666794
10.000482,45.086197
8.642558,57.658012
5.8383822,33.004906
7.3785458,36.84987
1.5777147,8.183322
2.0531654,23.6973
15.852895,64.65097
18.554495,88.02908
19.543003,102.80052
2.780577,16.944395
15.408632,80.5567
3.8103342,30.77267
15.965603,78.33852
17.215542,91.477104
17.738708,82.59808
17.200512,88.73454
16.255733,78.1422
10.194636,58.9837
14.594824,66.040474
6.422291,39.266293
14.354348,73.5769
6.78598,44.98441
9.832087,57.264263
1.2962115,15.063798
7.385254,34.257477
4.7412705,34.90958
6.626792,36.29685
3.6141348,23.737537
1.0055578,11.594487
10.651165,63.19092
16.489792,69.35721
19.107494,84.14634
15.835542,80.6396
4.8166265,26.977005
0.10990262,6.048457
13.7931385,75.535446
15.60314,74.22212
1.4148796,6.569688
13.585861,66.644615
18.454773,88.5312
10.605765,62.646404
3.9754117,42.980515
18.198763,85.439926
14.270159,74.44328
16.622011,84.924515
3.237145,23.110651
15.819455,87.30201
3.1692636,26.614489
19.894943,92.04725
5.7630024,45.518684
16.025671,75.63753
12.002416,61.94401
12.6501045,75.816605
8.46645,49.738678
14.107353,75.061455
5.832281,42.21612
0.5742073,5.6167173
6.1579695,37.406025
17.835386,83.3881
7.3673034,37.32219
13.143185,71.567635
6.302736,43.253567
17.501492,91.11205
15.984902,93.40018
13.530136,55.227024
4.888383,35.482796
1.8287015,21.73492
10.376493,58.1842
4.1334224,27.628761
18.221937,97.64228
0.39024234,17.826118
14.468683,72.27798
19.969141,97.87356
15.008284,70.59005
13.409787,53.48673
0.3785336,5.5850115
19.618933,96.309975
8.289524,40.56779
0.65591574,14.985479
19.871628,108.639694
5.930693,30.789711
9.292524,50.413837
19.152796,86.27641
3.067993,15.792782
2.9251003,19.563461
11.626173,62.796066
8.661461,53.531673
12.303418,54.016903
1.612947,20.896122
10.299067,52.381023
5.5524025,29.702238
5.0839114,30.238434
0.843631,10.699417
15.302183,81.49572
11.926365,65.512085
1.5455675,15.849563
17.93552,87.14793
13.016209,62.297897
11.855632,56.803585
4.1286364,22.94478
11.508045,59.776318
19.635403,93.46222
16.858845,77.383995
2.2112978,23.376095
19.128212,93.83936
10.775098,62.58775
14.809651,69.87829
17.766764,90.155
18.525091,93.938736
2.2046518,30.094088
18.75664,87.794525
3.208251,24.296188
10.7496605,40.64248
3.012364,23.40658
7.8076673,40.488117
9.545573,46.276886
8.803646,43.077007
8.42024,54.979996
10.788706,47.071327
19.864187,105.7445
15.810116,81.08633
