model,MSE,RMSE,MAE,R2
linear,350433568.0,18719.870939726054,13023.9814453125,0.9283453226089478
nn_v2_epochs60,379012096.0,19468.23299634561,13539.9482421875,0.9225017428398132
nn_v2_bs32,394172640.0,19853.78150378411,13837.9560546875,0.9194018244743347
nn_v2_lr_0.001,428100352.0,20690.58607193136,14359.8916015625,0.9124644994735718
nn_v2_wd_0.01,443496320.0,21059.352316726174,14720.3017578125,0.9093164205551147
nn_v2_deeper,462304256.0,21501.26173041945,14084.5517578125,0.9054706692695618
nn_v1_2layers,538313280.0,23201.57925659372,15772.8701171875,0.8899287581443787
nn_v3_tanh,840326784.0,28988.390503786166,17655.478515625,0.8281747698783875
nn_v2_sgd,2099384320.0,45819.03883758366,32382.33984375,0.5707298517227173
